Richard,Hughes
Jonathan,Torres
Anne,Howard
Chris,Hill
Harry,Duncan
Martha,Lewis
Ruth,Peters
Mark,Andrews
Justin,Graham
Aaron,West
Ryan,Cox
Paula,Reid
Cheryl,Rivera
Albert,Medina
Phyllis,Cooper
Scott,Larson
Ruth,Stevens
Andrew,Greene
Michael,Payne
Barbara,Spencer
Terry,Robinson
Richard,Fisher
Donald,Reed
Peter,Mason
Paul,Chapman
Charles,Henry
Nicholas,Wood
Annie,Mitchell
Janice,Schmidt
Joseph,Brooks
Samuel,Gomez
James,Coleman
Kathryn,Castillo
Juan,Gutierrez
Kenneth,Hanson
George,Bradley
Harold,Parker
Donna,Perry
Brian,Simpson
Julie,Mitchell
Bonnie,Morgan
Robin,Porter
Laura,Perkins
Aaron,Mitchell
Roger,Jenkins
Betty,Montgomery
Sharon,Greene
Steven,Reynolds
Emily,Wilson
Roger,Allen
Robert,Gonzales
Jerry,Johnson
Diana,Hernandez
Peter,Holmes
Carol,Harvey
Michelle,Bishop
Keith,Perkins
Walter,Cook
Chris,Sims
Ralph,Taylor
George,Owens
Margaret,Murray
Janice,Kelley
Alan,Rivera
Martin,Alexander
Bruce,Ryan
Emily,Holmes
Martha,Torres
Fred,Simpson
Michael,Stanley
Phyllis,Medina
Diana,Crawford
Lois,Long
Denise,Dunn
Tina,Grant
Joan,Griffin
Ann,Rivera
Joe,Murray
Henry,Ross
Sean,Berry
Scott,Murphy
Phillip,Daniels
Joan,Willis
Kathryn,Reyes
Adam,Rogers
Jack,Knight
Walter,Peterson
Debra,Rogers
Ralph,Roberts
Paul,Knight
Karen,Martinez
Eugene,Watson
Arthur,Kelly
Judith,Lee
Daniel,Barnes
Michelle,Sanchez
Michael,Ferguson
Mary,Washington
Jason,Phillips
Benjamin,Wheeler
Katherine,Lane
Shawn,Robertson
Nicole,Henderson
Ralph,Duncan
Patricia,Hawkins
Patricia,Willis
Anne,Murphy
Jeremy,Anderson
Randy,Lee
Nicole,Cox
Jose,Shaw
Aaron,Ortiz
George,Lawrence
Louis,Garcia
Bonnie,Brooks
Andrea,Burton
Heather,Meyer
Denise,Rodriguez
Andrea,Fernandez
Martin,Woods
Ronald,Schmidt
Matthew,Dunn
Gloria,Ford
Shirley,Berry
Virginia,Bell
Douglas,Richardson
Elizabeth,Cole
Carlos,Stewart
Donna,Gordon
Larry,Coleman
Debra,Jackson
Lori,Nguyen
Jonathan,Stewart
Judy,Myers
Fred,Harris
Eugene,Cunningham
Katherine,Murray
Douglas,Fowler
Ryan,Vasquez
Jeffrey,Price
Mildred,Jacobs
Patrick,Torres
Kathleen,Stone
Ruth,Kennedy
Matthew,Watson
Brian,Gomez
Samuel,Matthews
Sharon,Lawson
Steve,Watson
Joan,Wright
Jeremy,Ray
Angela,Watson
Sharon,Hart
Steve,Hunt
David,Porter
Amy,Jackson
Evelyn,Hawkins
Ryan,Martin
Catherine,Romero
Kathryn,Payne
Joseph,Lopez
Craig,Harris
Antonio,Bennett
Jeremy,Cox
Maria,Cox
Emily,Carpenter
Rebecca,Morgan
Randy,Ferguson
Juan,Hernandez
Keith,Harvey
Nicole,Stephens
Todd,Wright
Jeremy,Kelly
Timothy,Harris
Lisa,Carr
Shirley,Perez
Pamela,Morgan
Carol,Shaw
Janice,Gordon
Gloria,Robertson
Linda,Ellis
Nancy,Greene
Timothy,Hill
Annie,Ray
Aaron,Ford
Anthony,Fuller
Michelle,Hamilton
Thomas,Harris
Beverly,Hudson
Robin,Parker
Lawrence,Evans
Carolyn,Carroll
Sara,Elliott
Steven,Ross
Tammy,Ramirez
Jeffrey,Scott
Helen,Ellis
Ruth,Elliott
Daniel,Larson
Michelle,Cunningham
Antonio,Sanchez
Tina,Morgan
Doris,Richards
Ashley,Henry
Wanda,Watkins
Antonio,Hawkins
Juan,Gibson
Samuel,Arnold
Rachel,Boyd
Ernest,Miller
Mildred,Murphy
Janet,Hicks
Lois,Thompson
Lisa,Morales
Sandra,Mitchell
Walter,Moore
Donald,Thompson
Anne,Long
Mildred,Medina
Larry,Ray
Emily,King
Andrew,Watkins
David,Torres
Peter,Clark
Laura,Stanley
Barbara,Ross
Brenda,Robinson
Ralph,Berry
Mark,Nguyen
Kenneth,Coleman
Angela,Hart
Stephen,Watkins
Larry,Butler
Henry,Vasquez
Christopher,Henderson
Brandon,Jenkins
Carlos,Clark
Alan,Williamson
Raymond,Hughes
Judy,Romero
Michelle,Crawford
Susan,Phillips
Judith,Boyd
Nicholas,Brown
Louis,Ramos
Shirley,Webb
Kevin,Jordan
Joe,Brown
Samuel,Cole
Kevin,Schmidt
Richard,Butler
Louis,Howell
David,Watkins
Jennifer,Lawrence
Frank,Gutierrez
Shawn,Jacobs
Sandra,Banks
Judy,Spencer
Willie,Parker
Angela,Garza
Cheryl,Clark
Todd,Cole
Kelly,Watson
Rose,Palmer
Debra,Sanchez
Irene,Robinson
Phillip,Daniels
Jeffrey,Lynch
Justin,Mcdonald
Marilyn,Bradley
Steven,Torres
Joe,Morris
Joe,Daniels
Emily,Bryant
Janet,Carroll
Gerald,Bradley
Frank,Kennedy
Kevin,Mitchell
Harold,Morris
Daniel,Andrews
Kevin,James
Sean,Alvarez
Martha,Fields
Frances,Greene
Angela,Little
Lillian,Vasquez
Joan,Morris
Angela,Frazier
Adam,Jordan
Kimberly,Bennett
Matthew,Ward
Laura,Roberts
Margaret,Anderson
Jacqueline,Gutierrez
Emily,Price
Daniel,Murray
Martin,Kelly
Patricia,Wagner
Charles,Welch
Ralph,Matthews
Juan,Ryan
Jerry,Simmons
Lois,Ford
Carol,Carr
Brandon,Price
Linda,Chapman
Larry,Morales
Heather,Spencer
Phillip,Willis
Bonnie,Burton
Randy,Mendoza
Beverly,Edwards
Julie,Peters
Janice,Howard
Evelyn,Hughes
Susan,Kennedy
Mary,Marshall
Susan,Diaz
Scott,Jordan
Lisa,Clark
Katherine,White
Martha,Harrison
Christopher,Ellis
Karen,Boyd
Rachel,Garcia
Julie,Campbell
Frances,Foster
Juan,Martin
Annie,Willis
Judith,White
Nicole,Little
Jerry,Hayes
Carlos,Miller
Teresa,Hunter
Bobby,Morris
Judy,Frazier
Peter,Lopez
Martin,Elliott
Amanda,Perez
Henry,Peters
Judith,Hawkins
Wanda,Garrett
Sean,Johnson
Clarence,Myers
Aaron,Scott
Eugene,Ross
Virginia,Murray
Judith,Wood
Frank,Gomez
Ryan,Hughes
Alan,Johnston
Betty,Harris
Dorothy,Freeman
Annie,Bishop
Jerry,Gomez
Sean,Schmidt
Jerry,Hunter
Patrick,Garrett
Christopher,Rodriguez
Lois,Hill
Keith,Burke
Laura,Turner
Joseph,Garcia
Willie,Perry
Norma,Harvey
Daniel,Roberts
Jack,Roberts
Christina,Simpson
Kathleen,Henry
Andrew,Ruiz
Phyllis,Black
Helen,Gonzales
Diana,Mccoy
Justin,Carter
Evelyn,Hughes
Christine,Kim
Mildred,Castillo
Phillip,Morrison
Janice,Payne
Anne,Lawrence
Martha,Hanson
Walter,Fields
Lois,Watson
Linda,Nelson
Evelyn,Andrews
Clarence,Wagner
Raymond,Rose
Earl,Sanders
Carlos,Henderson
William,Flores
Arthur,Alvarez
Janice,Ryan
Katherine,Jackson
Alice,Cole
Kathryn,Thomas
Sean,Wheeler
Sharon,Mendoza
Willie,Price
Douglas,King
Laura,Mason
Timothy,Peters
Bruce,Patterson
Brenda,Adams
Eugene,Watkins
Alice,Simmons
Marilyn,Schmidt
Russell,George
Irene,Hughes
Earl,Crawford
Judy,Cook
Ryan,Oliver
Janice,Frazier
Lillian,Marshall
Lillian,Sanders
Jonathan,Day
Catherine,Banks
Kelly,Welch
Nicholas,Robertson
Teresa,Mills
Joseph,Greene
Martha,Sullivan
Todd,Thompson
Judith,Burke
Melissa,Cook
Joe,Willis
Patrick,Torres
Margaret,Frazier
Amy,Stevens
William,Hanson
Andrew,Crawford
Samuel,Larson
Melissa,Sullivan
Phillip,Nguyen
Anna,Richardson
Wanda,Kelley
Jack,Burns
Susan,Nelson
Carlos,Gonzalez
Angela,Fisher
Maria,Hall
Linda,Kelly
Thomas,Long
Theresa,Edwards
Christine,Matthews
Johnny,Wagner
Ann,Sanders
Jonathan,Palmer
Thomas,Jacobs
Timothy,Wilson
Shirley,Weaver
Carl,Meyer
Rachel,Bradley
Pamela,Edwards
Nicholas,Matthews
Phillip,Knight
Dorothy,Harris
Sharon,Fisher
Matthew,Marshall
Jimmy,Schmidt
Elizabeth,Riley
Linda,Lane
Sharon,Miller
Larry,Lawrence
Jack,Russell
Kelly,Anderson
Gloria,Cunningham
Lillian,Carroll
Kathryn,Payne
Sean,Allen
Anne,Marshall
Ryan,Butler
Jane,Frazier
Jimmy,Peters
Jessica,Moore
Robin,Washington
Katherine,Romero
Rachel,Matthews
Joseph,Watson
Martin,Hernandez
Walter,Griffin
Antonio,Henry
Frank,Fuller
Amy,Kelly
Philip,Carter
Deborah,Tucker
Katherine,Flores
Joan,Larson
Gloria,Garcia
Rebecca,Perry
Jerry,Morgan
Keith,Flores
Robin,Morales
Jesse,Robinson
Frank,Little
Christine,Williams
Kathleen,Mason
Kathleen,Simpson
Justin,Mcdonald
Todd,Spencer
Margaret,Lynch
Douglas,Medina
Peter,Cole
Stephanie,Allen
Richard,Snyder
Ryan,Alexander
Kathy,Flores
Amy,Roberts
Irene,George
Sandra,Myers
Andrea,Rose
Douglas,Carpenter
Anne,Russell
Sean,Hunt
Randy,Martin
Sara,Gutierrez
Beverly,Phillips
Ralph,George
Nicole,Hunt
Sarah,Peterson
Louis,Price
Samuel,Lane
Joe,Gardner
Stephen,Frazier
Carlos,Parker
Ernest,Lawrence
Martin,Reyes
Peter,Wright
Craig,Richardson
Doris,Cox
Benjamin,Carroll
Bonnie,Hawkins
Ryan,Hayes
Peter,Reyes
Deborah,Garcia
Fred,Bailey
John,Harvey
Evelyn,Bishop
Helen,Harper
Benjamin,Taylor
Ronald,Bowman
Clarence,Jacobs
Patrick,Montgomery
Beverly,Mills
Diane,Bishop
Philip,Perez
Jean,Johnston
Scott,Moore
Todd,Barnes
Lawrence,Castillo
Steven,Williamson
Margaret,Gonzales
Catherine,Hunter
Mark,Castillo
Steven,West
Carolyn,Hudson
Gerald,Jordan
Fred,Nguyen
Jack,Sanchez
Shirley,Brooks
Gregory,Ruiz
Nancy,Rose
Keith,Weaver
Cynthia,Rivera
Clarence,Patterson
Jean,Simpson
Victor,Franklin
Martha,Palmer
Clarence,Fields
Ralph,Patterson
Gloria,Perez
Nicole,Thomas
Julie,Bowman
Jane,Harrison
Joseph,Graham
Barbara,Burton
Tammy,Hunter
Jeffrey,Hanson
Anthony,Ruiz
Kathryn,Bailey
Jeffrey,Henderson
Roger,Russell
Adam,Gilbert
Clarence,Thomas
Jimmy,Howell
George,Olson
Cheryl,Rose
Janet,Coleman
Joseph,Kim
Theresa,Alexander
Eugene,Hunt
Eugene,Montgomery
Teresa,Butler
Johnny,Young
Ruby,Lynch
Gerald,Garcia
Judith,Stewart
Amy,Davis
Brian,Brown
Amy,Rogers
Nicholas,Ross
Jack,Gutierrez
Jerry,Simmons
Judy,Weaver
Jane,Lopez
Harry,James
Ryan,Taylor
Albert,Willis
Ronald,Davis
Rebecca,Berry
Jack,Hanson
Earl,Robinson
Shawn,Rice
Patrick,Cooper
Nicholas,Fowler
Norma,Graham
Doris,Diaz
Thomas,Hernandez
Robin,Peterson
Sandra,Hicks
Margaret,Rice
John,Castillo
Robert,Watkins
Julie,George
Carl,Richardson
Joyce,Knight
Joshua,Howard
Joan,Armstrong
Susan,Carpenter
Russell,Montgomery
Margaret,Webb
Norma,Allen
Wanda,Kennedy
Lois,Reed
Samuel,Clark
Sarah,Nelson
Willie,Gonzales
Jennifer,Simpson
Ruby,James
Joshua,Sanchez
Jane,Hill
Rebecca,Long
Kimberly,Rogers
Kenneth,Ryan
Anna,Andrews
Benjamin,Day
Mark,Reid
Jose,Snyder
Charles,Hicks
Kathleen,Ramirez
Patricia,Sims
Ernest,Wells
Lois,Garza
Nancy,Webb
Jennifer,Murray
Virginia,Johnston
Philip,Hamilton
Brian,Kim
Carlos,Mendoza
Eric,Schmidt
Clarence,Turner
Cheryl,Flores
Jason,West
Russell,Tucker
Marilyn,Rose
Susan,Gordon
Diane,Reid
Rebecca,Bishop
Peter,Johnston
Albert,Ferguson
Paula,Scott
Todd,Sanders
Juan,Russell
Ernest,Flores
Frances,Black
Anne,Dixon
Joe,Olson
Sandra,Lynch
Cynthia,Wood
Todd,Campbell
Shirley,Rodriguez
Phillip,Black
Donald,Mitchell
Thomas,Morris
Lawrence,Wallace
Dennis,Peterson
Johnny,Shaw
Linda,Roberts
James,Arnold
Kathryn,Martin
Janice,Long
Bonnie,White
Jacqueline,Gilbert
Julie,Davis
Sara,Taylor
Jason,Andrews
Mildred,Bailey
Tammy,Alvarez
Tammy,Dean
Steven,Collins
Gregory,Richards
Bobby,Hicks
Jack,Woods
Stephanie,Arnold
Samuel,Arnold
Louis,Powell
Edward,Wood
Anthony,Rodriguez
Jean,Fields
Sara,Harris
Willie,Weaver
Gary,Welch
Sara,Collins
Carl,Sullivan
Joseph,Stevens
Aaron,Thomas
Ann,White
Anne,Black
Elizabeth,Johnson
Jonathan,Parker
Ralph,Carr
Aaron,Day
Todd,Carter
Jimmy,Ortiz
Gregory,Wells
Dorothy,Young
Henry,Morrison
Ruby,Martinez
Melissa,Bradley
Brenda,Ferguson
Brandon,Duncan
Antonio,Kennedy
Ernest,Patterson
Anna,Willis
Anthony,Kelley
Philip,Sullivan
Steven,Rice
Jerry,Diaz
Shirley,Carroll
Kenneth,Carr
Robin,Walker
Mark,Perkins
Peter,Gutierrez
Jeremy,Perkins
Theresa,Mills
Evelyn,Reynolds
Kenneth,Ferguson
Eric,Murphy
Diana,Sullivan
Christine,Wilson
David,Berry
Patrick,Morgan
Eric,Gutierrez
Mildred,Mccoy
Lois,Carr
Eugene,Nguyen
Jessica,Perkins
Steve,Henderson
Kimberly,Diaz
Joyce,Little
Amy,Martinez
Sara,Tucker
Adam,Wood
Johnny,Bradley
Sarah,Chavez
Ashley,Tucker
Bruce,Stewart
Sarah,West
Walter,Payne
Virginia,Nelson
Walter,Romero
Barbara,Morgan
Julia,Morgan
Emily,Woods
Daniel,Martin
Teresa,Hudson
Patricia,Peterson
Angela,Cruz
Cheryl,Hernandez
Gloria,Chapman
Gary,Ramirez
Robin,Watkins
Douglas,Peters
Brenda,Reed
Jimmy,Riley
Bruce,Arnold
Wanda,Jones
Richard,Watson
Wanda,Fuller
Judy,Lee
Steve,Freeman
Louis,Bishop
Christina,Spencer
Eric,Ferguson
Robin,Gomez
Evelyn,Rodriguez
Samuel,Johnson
Joseph,Harvey
Daniel,Russell
Keith,Palmer
Tina,Gardner
Gloria,Bishop
Carlos,Campbell
Terry,Lee
Nicole,Day
Julie,Roberts
Dorothy,Ford
Martha,Sanchez
Philip,Richards
Bobby,Dean
Harry,Dixon
Carl,Reyes
Clarence,Holmes
Jacqueline,Cooper
Ryan,Warren
Nancy,Lopez
Jeremy,Howell
James,Larson
Raymond,Graham
Theresa,Baker
Gary,Hudson
Anne,Stephens
Lois,Mills
Alan,Kelly
Frank,Nguyen
Thomas,Perry
Alice,West
Matthew,Reyes
Sara,Lawrence
Eugene,Miller
Stephanie,Green
Jose,Cook
Rose,Wright
Lisa,Baker
Stephanie,Rivera
Virginia,Ramos
Michael,Payne
Louise,Nelson
Teresa,Bailey
Lois,Fox
Virginia,Richardson
Marie,Ortiz
Linda,Cooper
Frank,Fields
Martin,Hansen
Rose,Dunn
Judy,Elliott
Betty,Harvey
Sarah,Jackson
Gerald,Ray
Lawrence,Marshall
Ruby,Nichols
Cynthia,Ramirez
Keith,Owens
Kathleen,Wallace
Virginia,Robertson
Willie,Howard
Carol,Little
Harry,Campbell
Jane,Ray
Ryan,Anderson
Fred,Mendoza
Mark,Williams
Steven,Harper
Ruby,Montgomery
Alice,Sanders
Tina,Garza
Eric,Howell
Christopher,Ortiz
Marilyn,Cook
Kathy,Gutierrez
Christine,Foster
Ann,Welch
Raymond,Stevens
Kelly,Robertson
James,Foster
Alice,Kelly
Victor,Sanchez
Bobby,Daniels
Justin,Brown
Earl,Moore
Kelly,Hughes
Karen,Morris
Ruby,Johnston
Jean,Sanders
Henry,Nelson
Donald,Arnold
Judith,Franklin
Chris,Robinson
Carolyn,Gonzalez
Richard,Weaver
Jonathan,Bryant
Andrea,Perry
Annie,Andrews
Frances,Morgan
Chris,Harper
Julia,Perez
Joshua,Lawrence
Ernest,Phillips
Barbara,Bailey
Gregory,Frazier
Lawrence,Butler
Frank,Lee
Gary,Cruz
Henry,Kelly
Louise,Snyder
Jane,Kelly
Carl,Olson
Ann,Mills
Ann,Scott
Nicholas,Evans
Ann,Carpenter
Jesse,Lawrence
Jason,King
Jacqueline,Simpson
Cynthia,Graham
Donald,White
Julie,Larson
Jose,Murphy
Benjamin,Lynch
Peter,Griffin
Timothy,Russell
Beverly,Alvarez
Jose,Gonzales
Joseph,Johnson
Angela,Perkins
Michelle,Ellis
Nicole,Holmes
Andrew,Gibson
Janet,Jordan
Teresa,Webb
Alice,Ramos
Dennis,Larson
Emily,Hanson
Phyllis,Carpenter
Steve,Bailey
Carl,Graham
Christina,Grant
Lois,Harper
Shirley,Jones
Michelle,Jackson
Peter,Shaw
Karen,Stanley
Adam,Medina
Juan,Murphy
Willie,Hernandez
Samuel,Green
Samuel,Dunn
Jimmy,Powell
Joseph,Jackson
Louis,Harper
Susan,Wallace
Dorothy,Larson
Johnny,Powell
Angela,Gonzalez
Willie,Anderson
Bonnie,Allen
Albert,Bell
Howard,Warren
Lori,Jordan
Louise,Thompson
Brandon,Tucker
Johnny,Hicks
Jerry,James
Mildred,Allen
Lisa,Willis
Wayne,Fields
Nicole,Andrews
Wayne,Hawkins
Jacqueline,Jordan
Anna,Romero
Sandra,Banks
Patrick,Banks
Justin,Hall
Nicole,Gutierrez
Karen,Reynolds
Walter,Wood
Antonio,Hernandez
Linda,Snyder
Maria,Johnston
Ronald,Moore
Alan,Holmes
Fred,Walker
Cheryl,Wheeler
Gerald,Smith
Billy,Gibson
Rose,Sanders
Henry,Green
Charles,Rice
Victor,Gilbert
Rebecca,Matthews
Bobby,Murray
Louise,Myers
Virginia,Jackson
Karen,Gray
Emily,Howell
Jean,Owens
Susan,Hunter
Judith,Peters
Ruby,Cruz
Terry,Tucker
Jimmy,jcb
Joshua,china-unionpay
Jeremy,diners-club-enroute
Eric,laser
Diana,jcb
Andrew,jcb
Jacqueline,laser
Shirley,switch
Sandra,china-unionpay
Jerry,visa
Sara,americanexpress
Sarah,mastercard
Gloria,switch
Jesse,jcb
Helen,bankcard
Joe,diners-club-enroute
Christina,maestro
Jesse,jcb
Theresa,visa
Denise,jcb
Norma,maestro
Tammy,jcb
Paula,jcb
Amanda,jcb
Carlos,bankcard
Anthony,jcb
Nicholas,diners-club-carte-blanche
Kevin,diners-club-us-ca
Ryan,mastercard
Daniel,visa
Jeremy,visa
Terry,diners-club-enroute
Jacqueline,jcb
Christopher,jcb
Richard,jcb
John,jcb
Lisa,americanexpress
Arthur,bankcard
Victor,jcb
Willie,jcb
Alice,americanexpress
Martha,jcb
Teresa,instapayment
Mary,visa-electron
Pamela,jcb
Heather,china-unionpay
Robin,china-unionpay
Joyce,jcb
Craig,china-unionpay
Christopher,mastercard
Virginia,americanexpress
Charles,mastercard
Patricia,jcb
Eugene,jcb
Linda,diners-club-carte-blanche
Katherine,diners-club-carte-blanche
Jonathan,visa-electron
Tina,jcb
Steven,diners-club-carte-blanche
Phillip,switch
Douglas,switch
Rebecca,jcb
Russell,mastercard
Beverly,maestro
Timothy,jcb
Sharon,jcb
Susan,jcb
Irene,switch
Donald,bankcard
Joshua,maestro
Fred,jcb
Debra,mastercard
Wanda,jcb
Brian,jcb
Brandon,switch
Ashley,jcb
Jason,jcb
Lillian,maestro
Judy,switch
Sean,jcb
Ryan,jcb
Mark,americanexpress
Carolyn,bankcard
Michael,jcb
Norma,jcb
Wanda,instapayment
Ruth,maestro
Alan,jcb
Arthur,jcb
Edward,visa
Carl,diners-club-us-ca
Frances,jcb
George,jcb
Willie,diners-club-carte-blanche
Robin,diners-club-carte-blanche
Antonio,jcb
Albert,jcb
Dennis,jcb
Keith,jcb
Sara,mastercard
Eric,mastercard
Nancy,jcb
Earl,maestro
Jerry,jcb
Louis,diners-club-enroute
Ruby,jcb
Gary,americanexpress
Lillian,jcb
Eric,switch
Ronald,jcb
Shawn,jcb
Andrea,diners-club-us-ca
Robert,jcb
Phillip,bankcard
Debra,switch
Michael,switch
Kathryn,americanexpress
Ronald,maestro
Brenda,visa
Jose,visa
Amanda,jcb
Arthur,jcb
Joyce,visa-electron
Mark,jcb
Karen,mastercard
John,jcb
Gary,americanexpress
Deborah,switch
Jacqueline,visa-electron
Diana,jcb
Katherine,diners-club-carte-blanche
Martin,diners-club-enroute
Theresa,mastercard
Karen,jcb
Michael,americanexpress
Cheryl,diners-club-carte-blanche
Tammy,jcb
Jesse,jcb
Cynthia,jcb
Shawn,jcb
Ann,diners-club-carte-blanche
Gloria,jcb
Phillip,visa-electron
Randy,instapayment
Amanda,bankcard
Kevin,diners-club-enroute
Janet,mastercard
Rose,jcb
Arthur,jcb
Paul,maestro
Cynthia,jcb
Joan,bankcard
Peter,americanexpress
Kathy,jcb
Kathryn,jcb
Kathryn,bankcard
Kathryn,visa-electron
Jacqueline,jcb
Andrea,switch
Samuel,americanexpress
Peter,jcb
Frank,visa-electron
Jose,jcb
Carlos,maestro
Aaron,diners-club-enroute
Harry,jcb
Elizabeth,jcb
Catherine,mastercard
Antonio,visa-electron
Albert,laser
Barbara,visa
Judy,jcb
Jacqueline,jcb
Joseph,switch
Sharon,jcb
Linda,instapayment
Jean,diners-club-carte-blanche
Brandon,visa
Gerald,china-unionpay
Patrick,diners-club-us-ca
Arthur,diners-club-carte-blanche
Steve,jcb
Sharon,switch
Billy,visa
Roger,bankcard
Shawn,jcb
Jesse,jcb
Katherine,maestro
Alice,jcb
Ryan,jcb
Brian,maestro
William,jcb
Lisa,diners-club-enroute
Virginia,visa-electron
Laura,maestro
Sara,diners-club-carte-blanche
Sara,solo
Helen,americanexpress
Beverly,diners-club-carte-blanche
Juan,jcb
Christopher,jcb
William,visa
Shawn,jcb
James,jcb
Sharon,jcb
Christina,maestro
Daniel,diners-club-carte-blanche
Nicholas,maestro
Paula,jcb
Paula,bankcard
Carl,diners-club-enroute
Aaron,switch
Sara,china-unionpay
Juan,jcb
Albert,laser
Harold,visa-electron
Jesse,diners-club-us-ca
Ruby,jcb
Billy,jcb
Heather,mastercard
Timothy,switch
Joyce,bankcard
Amanda,bankcard
Jessica,jcb
Jeffrey,jcb
Michelle,maestro
Shirley,americanexpress
John,jcb
Jeffrey,maestro
Alice,maestro
Antonio,laser
Steve,jcb
James,jcb
Brian,jcb
Jimmy,bankcard
Matthew,visa-electron
Frances,jcb
Ryan,china-unionpay
Stephanie,jcb
Dorothy,jcb
Christopher,jcb
Janet,jcb
Paul,visa-electron
Jennifer,maestro
Jonathan,jcb
Sharon,jcb
Shawn,jcb
Judith,diners-club-enroute
Sean,jcb
Cynthia,jcb
Ronald,mastercard
Judith,jcb
Marie,maestro
Mark,maestro
Lillian,instapayment
Robert,mastercard
Doris,solo
Chris,jcb
Kimberly,jcb
Gary,jcb
Willie,china-unionpay
Shirley,maestro
Irene,mastercard
Larry,jcb
Albert,diners-club-carte-blanche
Gerald,jcb
Lawrence,jcb
Raymond,bankcard
Kevin,jcb
Sandra,jcb
Heather,china-unionpay
Steve,jcb
Sharon,jcb
Kathleen,jcb
Norma,jcb
Victor,americanexpress
Joe,jcb
Dennis,jcb
Jose,laser
Brandon,maestro
Craig,switch
Jerry,maestro
Phillip,jcb
Pamela,jcb
Jeremy,jcb
Evelyn,switch
Heather,maestro
Jesse,diners-club-carte-blanche
Steven,jcb
Pamela,solo
Janet,mastercard
Eugene,jcb
Michelle,jcb
Norma,jcb
Craig,jcb
Harry,switch
Ryan,diners-club-us-ca
Louise,instapayment
Andrew,mastercard
Joyce,jcb
Aaron,americanexpress
Bonnie,jcb
Pamela,visa-electron
George,jcb
Ernest,diners-club-us-ca
George,mastercard
Sara,bankcard
Steve,jcb
Norma,diners-club-carte-blanche
Mark,maestro
Louis,diners-club-carte-blanche
Jack,diners-club-enroute
Jennifer,americanexpress
Jessica,jcb
Douglas,jcb
Joyce,switch
Kathryn,americanexpress
Jimmy,laser
Frances,jcb
Steven,maestro
Lawrence,jcb
Debra,visa
Denise,jcb
Deborah,jcb
Frank,jcb
Rachel,jcb
Janice,jcb
Brenda,visa-electron
Ryan,switch
Ashley,jcb
Sarah,switch
Marilyn,visa
Jane,maestro
Diane,jcb
Robin,maestro
Kimberly,jcb
Helen,mastercard
Janet,switch
Julia,diners-club-us-ca
Michael,jcb
Billy,jcb
Juan,jcb
Wanda,visa
James,jcb
Judith,jcb
Ralph,jcb
Wayne,jcb
Brandon,solo
Helen,mastercard
Judith,jcb
Samuel,visa
Johnny,visa
Anthony,diners-club-carte-blanche
Wanda,switch
Shawn,jcb
Donna,mastercard
Chris,jcb
Marilyn,switch
Ralph,laser
Carl,jcb
Samuel,diners-club-carte-blanche
Theresa,americanexpress
Dorothy,jcb
Justin,switch
Rachel,jcb
Linda,mastercard
Sara,maestro
Elizabeth,jcb
Brenda,china-unionpay
Jane,jcb
Denise,visa-electron
Shawn,visa-electron
Teresa,bankcard
Ryan,jcb
Diane,jcb
Eugene,jcb
Clarence,diners-club-carte-blanche
Christine,jcb
Nancy,maestro
Roy,mastercard
Nicholas,china-unionpay
Philip,diners-club-enroute
Jonathan,diners-club-us-ca
Jeffrey,diners-club-enroute
Ryan,jcb
Cheryl,jcb
Lawrence,visa-electron
Rose,jcb
Karen,jcb
Denise,diners-club-carte-blanche
David,jcb
Tina,bankcard
Jerry,jcb
Cynthia,visa-electron
Laura,diners-club-carte-blanche
Brian,laser
Linda,jcb
Walter,jcb
Lillian,jcb
Catherine,bankcard
Justin,jcb
Nicholas,jcb
William,maestro
Ruth,jcb
Paul,bankcard
Chris,jcb
Billy,instapayment
Matthew,visa
Kathy,diners-club-us-ca
Victor,jcb
Matthew,jcb
Pamela,jcb
Virginia,maestro
Nicholas,jcb
Catherine,jcb
Tammy,mastercard
Eugene,maestro
Cheryl,mastercard
Shawn,switch
Terry,jcb
Beverly,jcb
Amanda,instapayment
Sean,mastercard
Anthony,bankcard
Keith,jcb
Jimmy,visa
Angela,americanexpress
Jeffrey,diners-club-us-ca
Jessica,instapayment
Tina,jcb
Aaron,mastercard
Gregory,bankcard
Melissa,visa-electron
Philip,china-unionpay
Jane,visa-electron
Steve,mastercard
Deborah,china-unionpay
Angela,visa-electron
Wanda,laser
Jesse,switch
James,diners-club-us-ca
Chris,instapayment
Kathy,mastercard
Lawrence,mastercard
Kathleen,jcb
Roy,china-unionpay
Justin,americanexpress
Carol,instapayment
Evelyn,diners-club-carte-blanche
Ruth,visa-electron
Carlos,jcb
Kathy,jcb
Ann,jcb
Jacqueline,instapayment
Doris,visa-electron
Judith,jcb
Phillip,diners-club-enroute
Brenda,mastercard
Carolyn,jcb
Anne,china-unionpay
Evelyn,jcb
Jean,china-unionpay
Nicholas,americanexpress
Brandon,maestro
Tammy,diners-club-enroute
Jeffrey,mastercard
Phillip,maestro
Joshua,laser
Chris,diners-club-carte-blanche
Scott,jcb
Jennifer,jcb
Dorothy,visa-electron
Edward,instapayment
Aaron,switch
Melissa,americanexpress
Julia,visa-electron
Mildred,visa-electron
William,jcb
Judy,jcb
Walter,jcb
Louis,china-unionpay
Tammy,jcb
Sean,maestro
Michelle,visa
Andrea,diners-club-carte-blanche
Juan,americanexpress
Bonnie,instapayment
Amanda,china-unionpay
Adam,switch
Laura,mastercard
Roy,mastercard
Scott,jcb
Susan,visa-electron
Lawrence,jcb
Elizabeth,mastercard
Annie,mastercard
Donald,maestro
Kathleen,diners-club-enroute
Maria,china-unionpay
Janice,diners-club-enroute
Brian,americanexpress
Jean,americanexpress
Sean,diners-club-carte-blanche
Marie,bankcard
Karen,jcb
Roy,diners-club-enroute
Andrea,china-unionpay
Karen,americanexpress
Sandra,switch
Sara,jcb
Marilyn,china-unionpay
Jerry,jcb
Kathryn,switch
Randy,jcb
Pamela,jcb
Jose,maestro
Steven,diners-club-carte-blanche
Keith,laser
Carolyn,jcb
Kimberly,switch
Marie,jcb
Catherine,maestro
Jacqueline,americanexpress
Janice,maestro
Diana,jcb
Samuel,jcb
Carol,visa-electron
Joseph,jcb
Charles,diners-club-carte-blanche
Judy,maestro
Kathryn,china-unionpay
Dorothy,jcb
Jason,china-unionpay
Samuel,jcb
Aaron,switch
Catherine,jcb
Carl,jcb
Pamela,mastercard
Philip,visa-electron
Kevin,jcb
Michelle,jcb
Carlos,diners-club-carte-blanche
Amy,jcb
Russell,jcb
Nicole,jcb
Michelle,jcb
Bonnie,jcb
Christine,jcb
Gregory,jcb
Kevin,jcb
Douglas,mastercard
Howard,visa-electron
Ruby,maestro
Albert,visa-electron
Clarence,switch
Amanda,diners-club-us-ca
Todd,jcb
Beverly,jcb
Mary,china-unionpay
Ashley,jcb
Russell,americanexpress
Christopher,americanexpress
Larry,jcb
Paula,jcb
Walter,jcb
Louis,jcb
Albert,switch
Billy,jcb
Ruby,china-unionpay
Carlos,visa
Harry,bankcard
Gregory,jcb
Lawrence,mastercard
Louis,diners-club-carte-blanche
Phillip,jcb
Phyllis,jcb
Brandon,jcb
Jack,china-unionpay
Stephanie,jcb
Amy,maestro
Louise,maestro
Harold,jcb
Beverly,diners-club-enroute
Tina,jcb
Sean,diners-club-enroute
Earl,visa
Doris,diners-club-enroute
Bobby,visa-electron
Joseph,jcb
Stephen,jcb
Christine,jcb
Carolyn,laser
Annie,jcb
Martin,bankcard
Craig,jcb
Todd,jcb
Nicholas,switch
Robert,mastercard
Nancy,diners-club-enroute
Karen,maestro
Wanda,jcb
Sarah,jcb
Ashley,switch
Benjamin,diners-club-enroute
Martin,jcb
Lawrence,mastercard
Ann,maestro
Robin,jcb
Andrew,laser
John,jcb
Peter,switch
Douglas,mastercard
Katherine,jcb
Juan,jcb
Phyllis,mastercard
Peter,jcb
Carl,jcb
Sandra,solo
Terry,solo
Annie,maestro
Michelle,jcb
Cynthia,china-unionpay
Jacqueline,diners-club-enroute
Cheryl,jcb
Jeffrey,diners-club-carte-blanche
Raymond,jcb
Deborah,instapayment
Susan,switch
Janice,diners-club-carte-blanche
Jessica,diners-club-us-ca
Marie,jcb
Ruth,maestro
Nicholas,jcb
Jack,americanexpress
Jeremy,diners-club-carte-blanche
Lisa,jcb
Diane,diners-club-enroute
Ruby,americanexpress
Susan,jcb
Victor,jcb
Carolyn,jcb
Brian,maestro
Sandra,diners-club-us-ca
Helen,diners-club-carte-blanche
Ralph,jcb
Joshua,jcb
Brandon,switch
Dorothy,visa-electron
Arthur,jcb
Janet,mastercard
Mildred,jcb
Julia,bankcard
Douglas,jcb
Robert,americanexpress
Victor,jcb
Heather,jcb
Kelly,maestro
Bonnie,visa-electron
Henry,jcb
Paul,mastercard
Judy,jcb
Deborah,switch
Frances,instapayment
Dorothy,jcb
Terry,diners-club-carte-blanche
Sara,americanexpress
Joe,jcb
Wayne,maestro
Doris,jcb
Amy,laser
Alice,jcb
Brenda,jcb
Albert,diners-club-enroute
Amanda,jcb
Paula,switch
Sharon,jcb
Victor,maestro
Stephen,visa-electron
Donna,jcb
Annie,visa-electron
Lillian,jcb
Amy,maestro
Annie,jcb
John,diners-club-us-ca
Deborah,jcb
Sarah,instapayment
Brian,switch
Theresa,jcb
Howard,americanexpress
Christopher,jcb
Benjamin,china-unionpay
Harold,jcb
Jason,china-unionpay
Bonnie,mastercard
Scott,switch
Anthony,americanexpress
Patricia,jcb
Kathryn,mastercard
Andrea,jcb
Gregory,china-unionpay
Stephanie,mastercard
Jacqueline,jcb
Debra,jcb
Carolyn,jcb
Kenneth,mastercard
Wanda,jcb
Joe,maestro
Deborah,maestro
Lois,diners-club-carte-blanche
Benjamin,jcb
Debra,china-unionpay
Michael,bankcard
Gerald,switch
Jeremy,visa-electron
Linda,jcb
Janice,americanexpress
Gary,laser
William,jcb
Aaron,mastercard
Nicole,jcb
Victor,instapayment
Johnny,jcb
Peter,mastercard
Alice,jcb
Aaron,diners-club-us-ca
Mary,laser
Cynthia,jcb
Elizabeth,instapayment
Joseph,china-unionpay
Marilyn,visa
Wanda,jcb
Diane,maestro
Eugene,americanexpress
Alice,visa
Julia,mastercard
Lois,visa-electron
Amy,visa-electron
Juan,jcb
Judy,bankcard
Kimberly,visa
Wayne,jcb
Timothy,jcb
Raymond,jcb
Louis,jcb
Clarence,jcb
David,jcb
Christopher,solo
Victor,mastercard
Wanda,switch
Janice,jcb
Bobby,jcb
William,laser
Wanda,jcb
Lawrence,maestro
Helen,jcb
Kathy,jcb
Shirley,instapayment
Jonathan,mastercard
Ruby,maestro
John,jcb
Dennis,bankcard
Paula,laser
Larry,jcb
Harry,diners-club-us-ca
Jesse,americanexpress
Ernest,americanexpress
George,jcb
Lillian,jcb
Cheryl,jcb
Aaron,jcb
Tammy,jcb
Tammy,jcb
Anthony,jcb
Kenneth,mastercard
Janice,visa
Jean,jcb
William,visa
Ruby,mastercard
Ralph,laser
Jimmy,jcb
Louise,jcb
George,diners-club-us-ca
Karen,americanexpress
Sandra,bankcard
Earl,mastercard
Harry,jcb
Charles,laser
John,maestro
Marilyn,diners-club-enroute
Alice,diners-club-enroute
Virginia,jcb
Sharon,bankcard
Victor,jcb
Jerry,jcb
Alice,diners-club-enroute
Ruth,jcb
Todd,diners-club-carte-blanche
Jimmy,jcb
Jeremy,diners-club-enroute
Arthur,switch
Ronald,laser
Ernest,jcb
Dorothy,jcb
James,diners-club-us-ca
Jeremy,maestro
Johnny,jcb
Ann,switch
Keith,jcb
Andrea,jcb
Charles,mastercard
Rebecca,mastercard
Laura,laser
Michael,maestro
Bonnie,maestro
Raymond,jcb
Carolyn,diners-club-carte-blanche
Kenneth,jcb
Nancy,jcb
Jack,jcb
Wanda,china-unionpay
Patricia,laser
Christopher,diners-club-carte-blanche
Deborah,visa-electron
Jack,jcb
Samuel,mastercard
Sharon,diners-club-carte-blanche
Benjamin,jcb
Judy,americanexpress
Harry,diners-club-carte-blanche
Emily,switch
Matthew,jcb
Sandra,jcb
Bruce,jcb
Earl,diners-club-carte-blanche
Teresa,bankcard
Anna,jcb
Ralph,switch
Diane,switch
Ruby,bankcard
Donna,instapayment
Eric,jcb
Joyce,diners-club-enroute
Ryan,mastercard
Richard,jcb
Nicholas,jcb
Justin,switch
Brian,americanexpress
Kathleen,mastercard
Dennis,jcb
Debra,diners-club-international
Steve,laser
Robin,jcb
Amy,jcb
Jennifer,jcb
Amy,laser
Adam,instapayment
Richard,diners-club-carte-blanche
Phyllis,jcb
Jesse,diners-club-carte-blanche
Janet,mastercard
Philip,jcb
Jesse,visa
Frances,jcb
Louis,jcb
Evelyn,jcb
Teresa,mastercard
Angela,americanexpress
Russell,jcb
Walter,jcb
Beverly,jcb
Jesse,jcb
Harold,jcb
Gloria,jcb
Alan,jcb
Benjamin,visa-electron
Mark,instapayment
Lois,jcb
Sean,jcb
Joseph,laser
Robert,bankcard
Louis,diners-club-us-ca
Sharon,maestro
Robin,instapayment
Terry,maestro
Alice,instapayment
Roger,jcb
Carolyn,mastercard
Charles,china-unionpay
Evelyn,maestro
Jack,diners-club-enroute
Douglas,jcb
Richard,china-unionpay
Joshua,diners-club-carte-blanche
Ryan,diners-club-carte-blanche
Michelle,jcb
Terry,americanexpress
Elizabeth,jcb
Kathleen,mastercard
Gerald,jcb
Louis,bankcard
Jerry,maestro
Judy,china-unionpay
Helen,jcb
Jesse,jcb
Ashley,jcb
Anna,switch
Louise,solo
Shirley,diners-club-enroute
Adam,switch
Brian,americanexpress
Margaret,jcb
Edward,mastercard
Joe,americanexpress
Bruce,mastercard
Heather,jcb
Henry,jcb
Thomas,jcb
Christopher,switch
Jeffrey,jcb
Helen,jcb
Samuel,americanexpress
Eugene,jcb
Katherine,jcb
Fred,americanexpress
Phillip,laser
Eugene,jcb
Joshua,maestro
Ralph,jcb
Shirley,bankcard
Elizabeth,diners-club-carte-blanche
Ernest,bankcard
George,diners-club-enroute
Nancy,visa-electron
Victor,jcb
Andrew,jcb
Clarence,china-unionpay
Martin,mastercard
Joseph,mastercard
Kathleen,jcb
Peter,maestro
Robert,jcb
Joe,switch
Jeffrey,mastercard
William,switch
Chris,jcb
Louise,switch
Harold,instapayment
Brenda,jcb
Patricia,maestro
Tammy,jcb
Fred,jcb
Steven,jcb
Amy,jcb
Michelle,mastercard
Julia,jcb
Kenneth,laser
Raymond,diners-club-carte-blanche
Katherine,diners-club-us-ca
Raymond,maestro
Roy,visa
Clarence,switch
Raymond,switch
Christine,jcb
Cheryl,diners-club-carte-blanche
Tina,jcb
Joan,switch
Jimmy,solo
Tina,jcb
Louise,visa
Adam,maestro
Michael,jcb
Ruby,jcb
Jeremy,jcb
Susan,visa-electron
Jennifer,diners-club-enroute
Karen,jcb
Pamela,bankcard
Ernest,jcb
Gloria,jcb
Dennis,mastercard
Julia,jcb
Jack,china-unionpay
Jane,laser
Michael,jcb
Kelly,jcb
Juan,jcb
Anna,jcb
Judith,maestro
Ashley,mastercard
Paul,jcb
Susan,jcb
Margaret,bankcard
Anthony,mastercard
Albert,china-unionpay
Ann,diners-club-carte-blanche
Thomas,visa-electron
Ralph,diners-club-carte-blanche
Michelle,jcb
Gloria,jcb
Betty,jcb
Italy,jcb
Russia,jcb
Indonesia,diners-club-carte-blanche
Indonesia,jcb
Philippines,visa-electron
Argentina,jcb
Indonesia,jcb
Philippines,laser
Poland,bankcard
China,switch
Japan,bankcard
Thailand,maestro
Indonesia,visa-electron
Uzbekistan,visa
Indonesia,jcb
Portugal,jcb
Russia,jcb
China,mastercard
France,diners-club-enroute
Peru,bankcard
Russia,jcb
China,jcb
North Korea,jcb
Poland,jcb
Brazil,diners-club-carte-blanche
Honduras,jcb
Mongolia,diners-club-international
Indonesia,jcb
Russia,diners-club-enroute
China,jcb
China,jcb
Bulgaria,maestro
Chad,diners-club-enroute
Sweden,jcb
Philippines,jcb
Indonesia,diners-club-enroute
Philippines,switch
Portugal,diners-club-carte-blanche
China,visa-electron
Vietnam,switch
Peru,mastercard
Indonesia,jcb
Sweden,maestro
United States,jcb
Poland,jcb
Indonesia,diners-club-carte-blanche
Czech Republic,jcb
Peru,mastercard
China,mastercard
China,laser
Vietnam,mastercard
Philippines,visa-electron
China,china-unionpay
United States,maestro
China,visa
Russia,china-unionpay
Ukraine,maestro
Philippines,maestro
Sweden,switch
Indonesia,jcb
Colombia,switch
Thailand,bankcard
Mongolia,jcb
Poland,jcb
China,jcb
Russia,jcb
China,jcb
Poland,mastercard
Philippines,jcb
United States,jcb
Sweden,jcb
Indonesia,jcb
Ukraine,jcb
Japan,jcb
Philippines,americanexpress
Honduras,jcb
Luxembourg,jcb
China,jcb
Cuba,jcb
Jordan,jcb
France,solo
China,jcb
Serbia,diners-club-carte-blanche
Sweden,jcb
Brazil,jcb
Cuba,jcb
Peru,jcb
Poland,bankcard
Madagascar,visa-electron
Thailand,mastercard
Lithuania,diners-club-enroute
Indonesia,maestro
France,jcb
China,jcb
Poland,mastercard
Indonesia,diners-club-carte-blanche
Philippines,diners-club-international
Philippines,diners-club-enroute
China,visa
Portugal,jcb
Indonesia,mastercard
Colombia,diners-club-carte-blanche
China,jcb
Indonesia,jcb
Thailand,switch
Indonesia,jcb
Myanmar,diners-club-enroute
Indonesia,bankcard
Japan,jcb
Czech Republic,americanexpress
Brazil,jcb
Chad,jcb
Armenia,jcb
Greece,jcb
Greece,jcb
Greece,jcb
Poland,diners-club-carte-blanche
Finland,switch
Portugal,china-unionpay
China,diners-club-us-ca
China,jcb
China,china-unionpay
Mexico,jcb
Portugal,diners-club-carte-blanche
Philippines,jcb
Indonesia,jcb
Russia,diners-club-enroute
Malaysia,jcb
Portugal,jcb
Angola,diners-club-us-ca
Russia,instapayment
China,jcb
Croatia,jcb
Indonesia,mastercard
Ukraine,diners-club-carte-blanche
Mexico,jcb
China,switch
Peru,jcb
China,switch
China,jcb
Philippines,jcb
China,visa
Colombia,jcb
Argentina,bankcard
Yemen,jcb
United States,switch
Sweden,mastercard
Indonesia,jcb
France,laser
Azerbaijan,maestro
Venezuela,laser
China,mastercard
Indonesia,switch
Portugal,diners-club-enroute
Canada,jcb
China,jcb
China,jcb
Japan,visa-electron
China,jcb
Portugal,jcb
Thailand,jcb
China,jcb
Ecuador,diners-club-carte-blanche
Pakistan,switch
Malta,jcb
Sweden,jcb
Morocco,jcb
France,diners-club-carte-blanche
Tunisia,mastercard
Ukraine,jcb
Portugal,jcb
Nigeria,diners-club-us-ca
Chile,jcb
Belarus,jcb
Germany,visa
Cuba,jcb
Philippines,jcb
China,diners-club-carte-blanche
Mongolia,jcb
China,mastercard
Armenia,mastercard
Spain,switch
Mexico,solo
Netherlands,jcb
Indonesia,jcb
China,jcb
Sweden,diners-club-us-ca
Indonesia,mastercard
New Zealand,maestro
China,jcb
Indonesia,jcb
China,switch
Madagascar,jcb
Central African Republic,jcb
China,mastercard
Paraguay,visa
Philippines,jcb
France,china-unionpay
China,jcb
Indonesia,jcb
Belarus,mastercard
Palestinian Territory,jcb
Indonesia,diners-club-enroute
Madagascar,laser
China,jcb
Indonesia,diners-club-enroute
Afghanistan,mastercard
Thailand,solo
Chile,jcb
Poland,jcb
France,maestro
China,mastercard
Philippines,jcb
Indonesia,visa
Indonesia,jcb
Malaysia,maestro
Pakistan,jcb
Mongolia,jcb
Yemen,bankcard
United States,jcb
South Africa,diners-club-enroute
Philippines,americanexpress
Indonesia,jcb
Czech Republic,jcb
Russia,jcb
Indonesia,americanexpress
China,americanexpress
Indonesia,jcb
China,switch
Guatemala,diners-club-enroute
Malaysia,mastercard
Indonesia,diners-club-us-ca
Philippines,switch
Portugal,jcb
Czech Republic,jcb
Honduras,jcb
Indonesia,laser
Uganda,americanexpress
Thailand,maestro
Portugal,jcb
Cuba,mastercard
China,jcb
China,visa-electron
Portugal,bankcard
Botswana,jcb
Vietnam,jcb
Sweden,jcb
Bolivia,china-unionpay
China,switch
Macedonia,jcb
South Africa,jcb
Czech Republic,visa-electron
China,jcb
Brazil,mastercard
Iran,switch
Indonesia,switch
China,mastercard
Brazil,diners-club-enroute
Thailand,switch
Russia,maestro
Brazil,diners-club-carte-blanche
Malaysia,jcb
China,bankcard
Poland,solo
Thailand,jcb
Indonesia,diners-club-enroute
Indonesia,americanexpress
China,diners-club-carte-blanche
Philippines,jcb
Uganda,bankcard
Georgia,jcb
Brazil,diners-club-carte-blanche
Portugal,jcb
Russia,jcb
Yemen,jcb
Greece,jcb
United States,jcb
Philippines,mastercard
China,bankcard
Sweden,jcb
Brazil,china-unionpay
China,mastercard
Finland,jcb
Poland,maestro
China,jcb
Chile,maestro
Spain,mastercard
Iran,jcb
Argentina,visa-electron
Benin,jcb
Estonia,jcb
China,mastercard
Ukraine,jcb
Brazil,jcb
Thailand,visa
Uruguay,jcb
China,mastercard
Indonesia,jcb
Portugal,jcb
Syria,visa-electron
Russia,jcb
United States,mastercard
Greece,jcb
Philippines,americanexpress
China,diners-club-enroute
Russia,bankcard
France,jcb
Finland,americanexpress
Kazakhstan,jcb
Russia,mastercard
China,jcb
Ukraine,mastercard
United States,jcb
Indonesia,americanexpress
Russia,jcb
China,diners-club-carte-blanche
China,jcb
Brazil,americanexpress
Croatia,diners-club-enroute
China,laser
Armenia,diners-club-enroute
Philippines,jcb
China,jcb
Indonesia,jcb
France,diners-club-us-ca
Russia,jcb
Peru,jcb
China,jcb
Japan,jcb
Poland,mastercard
China,instapayment
South Korea,jcb
China,visa-electron
Malaysia,visa-electron
Indonesia,bankcard
United States,mastercard
Indonesia,jcb
France,visa-electron
Yemen,jcb
Iran,mastercard
Sweden,jcb
Germany,jcb
Vietnam,jcb
China,solo
Canada,jcb
China,maestro
Thailand,visa-electron
Sweden,visa
Sweden,jcb
Indonesia,mastercard
China,maestro
Portugal,diners-club-carte-blanche
Philippines,mastercard
Indonesia,diners-club-carte-blanche
Philippines,jcb
China,diners-club-enroute
Vietnam,mastercard
Indonesia,visa
Norway,jcb
Nepal,switch
Russia,mastercard
Indonesia,jcb
Russia,visa
Portugal,jcb
Indonesia,mastercard
China,china-unionpay
Finland,jcb
Philippines,maestro
Indonesia,jcb
Indonesia,diners-club-carte-blanche
United States,jcb
France,jcb
Thailand,visa-electron
Poland,china-unionpay
Indonesia,americanexpress
Gabon,jcb
Tanzania,instapayment
China,jcb
Russia,solo
Bangladesh,switch
Venezuela,china-unionpay
Panama,jcb
Serbia,laser
Serbia,jcb
China,visa
Russia,jcb
Portugal,diners-club-enroute
China,jcb
Indonesia,visa
Austria,mastercard
Brazil,diners-club-enroute
China,china-unionpay
France,jcb
Poland,maestro
Greece,visa-electron
Vietnam,jcb
China,jcb
China,china-unionpay
Brazil,jcb
Indonesia,maestro
China,diners-club-carte-blanche
Philippines,diners-club-carte-blanche
Russia,maestro
Philippines,mastercard
Russia,americanexpress
Philippines,china-unionpay
China,jcb
Thailand,jcb
Russia,visa-electron
Afghanistan,jcb
Taiwan,visa
Paraguay,switch
Sweden,visa
China,visa-electron
Russia,jcb
China,switch
Indonesia,jcb
Bosnia and Herzegovina,jcb
United States,maestro
Slovenia,maestro
Vietnam,switch
Iran,jcb
China,jcb
Sweden,jcb
United States,jcb
Bulgaria,jcb
Malaysia,visa
China,switch
China,jcb
Palestinian Territory,visa-electron
Brazil,maestro
Indonesia,jcb
Morocco,maestro
China,jcb
Thailand,jcb
China,diners-club-us-ca
France,switch
Russia,instapayment
Colombia,visa
Poland,mastercard
China,diners-club-international
Zambia,americanexpress
Czech Republic,jcb
Poland,mastercard
Russia,jcb
Sweden,maestro
China,mastercard
Russia,mastercard
Russia,americanexpress
China,mastercard
China,diners-club-carte-blanche
Costa Rica,maestro
Ukraine,laser
Russia,jcb
Sweden,americanexpress
Bolivia,jcb
China,americanexpress
Nigeria,visa-electron
China,jcb
El Salvador,visa
Philippines,visa-electron
Indonesia,bankcard
China,mastercard
Vietnam,bankcard
Thailand,jcb
Czech Republic,mastercard
China,bankcard
Tajikistan,mastercard
Netherlands,jcb
Indonesia,maestro
Sudan,diners-club-enroute
Argentina,americanexpress
Indonesia,jcb
Brazil,jcb
Vietnam,jcb
Serbia,bankcard
Russia,jcb
Portugal,americanexpress
Venezuela,jcb
Canada,instapayment
China,diners-club-enroute
China,jcb
Brazil,jcb
Czech Republic,switch
China,visa-electron
Nigeria,jcb
Slovenia,jcb
France,instapayment
Peru,diners-club-us-ca
Mexico,diners-club-enroute
Portugal,visa-electron
Brazil,jcb
Guam,jcb
China,mastercard
Philippines,jcb
Mexico,mastercard
Japan,americanexpress
Egypt,mastercard
China,jcb
China,instapayment
Australia,jcb
Portugal,instapayment
United States,jcb
Russia,jcb
Thailand,bankcard
Poland,visa-electron
Belarus,diners-club-carte-blanche
Japan,jcb
Indonesia,solo
Belarus,maestro
Argentina,jcb
Russia,mastercard
Philippines,jcb
Indonesia,jcb
Honduras,jcb
Philippines,diners-club-carte-blanche
Bolivia,jcb
Thailand,jcb
Thailand,maestro
Afghanistan,visa-electron
Pakistan,jcb
Brazil,laser
Denmark,solo
Philippines,jcb
Indonesia,visa-electron
Ukraine,diners-club-enroute
Malaysia,bankcard
Indonesia,china-unionpay
Czech Republic,mastercard
Afghanistan,diners-club-enroute
Morocco,diners-club-enroute
Philippines,jcb
China,diners-club-international
Thailand,solo
China,diners-club-enroute
Micronesia,visa
Greece,maestro
Indonesia,switch
South Korea,jcb
Israel,mastercard
Pakistan,bankcard
China,jcb
Maldives,jcb
France,jcb
Portugal,diners-club-us-ca
Ukraine,jcb
France,jcb
Indonesia,jcb
Sweden,maestro
United States,china-unionpay
France,jcb
Russia,jcb
Nicaragua,jcb
Philippines,americanexpress
Austria,mastercard
Japan,diners-club-enroute
Philippines,mastercard
Philippines,jcb
Iceland,solo
Peru,jcb
Russia,mastercard
Russia,jcb
Mexico,jcb
Indonesia,switch
China,diners-club-enroute
France,diners-club-enroute
Russia,jcb
China,visa
Indonesia,solo
Peru,maestro
Indonesia,switch
Sweden,instapayment
Afghanistan,diners-club-carte-blanche
Argentina,mastercard
South Korea,diners-club-carte-blanche
France,jcb
Macedonia,jcb
Sweden,jcb
Indonesia,americanexpress
China,instapayment
China,jcb
China,jcb
Indonesia,diners-club-carte-blanche
Thailand,jcb
Nigeria,bankcard
Sweden,jcb
China,diners-club-us-ca
Philippines,laser
China,visa
Brazil,jcb
Thailand,diners-club-carte-blanche
Indonesia,jcb
Japan,diners-club-carte-blanche
Norway,jcb
Argentina,switch
China,china-unionpay
Poland,bankcard
Poland,mastercard
Ukraine,jcb
Albania,jcb
Portugal,jcb
China,visa
Serbia,jcb
China,jcb
Poland,jcb
Czech Republic,visa
Czech Republic,jcb
Indonesia,switch
China,jcb
Philippines,mastercard
Mexico,switch
Austria,jcb
Colombia,jcb
Japan,jcb
Yemen,jcb
Malaysia,switch
Peru,jcb
Poland,mastercard
China,mastercard
Malaysia,jcb
Indonesia,switch
Philippines,diners-club-enroute
Zimbabwe,jcb
China,mastercard
Brazil,bankcard
Portugal,jcb
Sweden,mastercard
Sweden,china-unionpay
Ukraine,diners-club-enroute
Ecuador,china-unionpay
Slovenia,maestro
Finland,jcb
Sweden,china-unionpay
Kyrgyzstan,diners-club-carte-blanche
Philippines,jcb
Brazil,jcb
France,jcb
Argentina,mastercard
Indonesia,mastercard
Indonesia,mastercard
Indonesia,mastercard
Russia,jcb
Tunisia,diners-club-carte-blanche
Lithuania,jcb
Russia,jcb
China,jcb
Laos,switch
Iran,jcb
Mali,jcb
Portugal,jcb
United States,jcb
Philippines,jcb
Sweden,mastercard
China,jcb
Russia,diners-club-carte-blanche
Tanzania,bankcard
Netherlands,maestro
Portugal,china-unionpay
Ukraine,mastercard
China,china-unionpay
Bulgaria,jcb
Tunisia,solo
Japan,bankcard
Peru,jcb
Benin,maestro
France,americanexpress
Indonesia,jcb
Kazakhstan,visa
Morocco,visa-electron
Czech Republic,visa-electron
Swaziland,solo
Ireland,china-unionpay
China,diners-club-carte-blanche
Brazil,jcb
Honduras,jcb
United States,maestro
Canada,diners-club-international
Indonesia,mastercard
Peru,mastercard
Mongolia,americanexpress
China,diners-club-us-ca
Indonesia,americanexpress
China,jcb
Croatia,americanexpress
China,jcb
Russia,mastercard
Kenya,jcb
Russia,jcb
Philippines,maestro
Brazil,jcb
Peru,maestro
China,jcb
Thailand,switch
Japan,jcb
Finland,jcb
Portugal,china-unionpay
Argentina,mastercard
Philippines,visa-electron
Brazil,diners-club-enroute
China,jcb
China,jcb
Estonia,jcb
China,visa
China,jcb
Albania,jcb
China,maestro
Israel,switch
China,bankcard
Russia,mastercard
China,jcb
Russia,jcb
Chile,diners-club-carte-blanche
Lithuania,mastercard
Japan,jcb
Latvia,jcb
Indonesia,maestro
Canada,jcb
Tanzania,jcb
Brazil,americanexpress
Ecuador,maestro
Philippines,visa-electron
China,mastercard
Iraq,bankcard
China,laser
Indonesia,diners-club-enroute
Republic of the Congo,mastercard
Greece,mastercard
Portugal,jcb
China,mastercard
China,jcb
Liberia,mastercard
Japan,jcb
China,jcb
China,visa
Indonesia,laser
China,maestro
Sierra Leone,bankcard
Belarus,americanexpress
China,switch
France,jcb
Sweden,americanexpress
Russia,maestro
China,jcb
Indonesia,jcb
Samoa,maestro
Portugal,jcb
Czech Republic,jcb
Hungary,instapayment
Indonesia,instapayment
Colombia,jcb
Vietnam,jcb
Indonesia,visa
Indonesia,maestro
Colombia,americanexpress
Pakistan,jcb
Myanmar,mastercard
Indonesia,jcb
Indonesia,jcb
China,china-unionpay
Russia,jcb
China,jcb
Cuba,jcb
Pakistan,mastercard
Russia,switch
Poland,jcb
France,diners-club-carte-blanche
Peru,jcb
Thailand,diners-club-enroute
Thailand,jcb
Sweden,maestro
China,jcb
Philippines,diners-club-us-ca
Canada,mastercard
Palau,mastercard
Poland,jcb
Brazil,china-unionpay
Philippines,jcb
Bosnia and Herzegovina,jcb
Philippines,jcb
Indonesia,mastercard
Sweden,jcb
Philippines,jcb
China,maestro
East Timor,switch
Afghanistan,americanexpress
Thailand,jcb
Panama,jcb
Zambia,visa
Djibouti,maestro
United States,china-unionpay
Indonesia,laser
Philippines,switch
China,mastercard
Czech Republic,jcb
Thailand,americanexpress
Colombia,maestro
Peru,bankcard
Democratic Republic of the Congo,laser
Vietnam,jcb
China,diners-club-carte-blanche
Mongolia,jcb
Albania,jcb
Comoros,diners-club-carte-blanche
Colombia,visa
Indonesia,diners-club-carte-blanche
China,jcb
Sweden,maestro
South Africa,china-unionpay
Brazil,jcb
China,mastercard
Nigeria,jcb
China,laser
Egypt,jcb
China,jcb
Guinea,mastercard
Poland,jcb
Poland,maestro
China,jcb
Colombia,jcb
China,mastercard
Czech Republic,jcb
France,jcb
Venezuela,jcb
Brazil,visa-electron
China,jcb
Bolivia,instapayment
Colombia,mastercard
Indonesia,maestro
United States,jcb
United States,mastercard
Sweden,jcb
Indonesia,jcb
Indonesia,jcb
Croatia,jcb
Philippines,jcb
France,diners-club-carte-blanche
Czech Republic,laser
Syria,jcb
Kenya,switch
Croatia,visa
Brazil,jcb
France,maestro
Kazakhstan,jcb
Canada,bankcard
United States,switch
China,jcb
Peru,bankcard
China,diners-club-carte-blanche
Brazil,jcb
United States,bankcard
China,diners-club-enroute
Tajikistan,diners-club-enroute
Philippines,bankcard
Armenia,jcb
China,jcb
China,diners-club-carte-blanche
France,jcb
China,jcb
United States,jcb
Spain,jcb
Portugal,jcb
China,bankcard
Russia,jcb
Uruguay,jcb
Serbia,diners-club-enroute
Peru,visa-electron
Indonesia,jcb
France,jcb
Indonesia,jcb
Egypt,jcb
Vietnam,diners-club-us-ca
Indonesia,jcb
Czech Republic,diners-club-enroute
North Korea,switch
Sudan,visa-electron
Poland,diners-club-us-ca
China,jcb
China,jcb
Japan,americanexpress
China,diners-club-enroute
Brazil,mastercard
Canada,solo
Philippines,jcb
Ukraine,maestro
Honduras,visa
Bangladesh,jcb
Russia,jcb
China,jcb
China,jcb
Philippines,diners-club-carte-blanche
Yemen,laser
Russia,maestro
Cambodia,mastercard
Poland,diners-club-international
Malaysia,jcb
Vietnam,jcb
Philippines,diners-club-enroute
Indonesia,jcb
Poland,jcb
Brazil,mastercard
Philippines,jcb
Indonesia,switch
China,jcb
Tanzania,laser
Brazil,jcb
China,maestro
South Africa,mastercard
China,jcb
Brazil,maestro
Spain,diners-club-us-ca
Japan,visa
China,jcb
Colombia,americanexpress
Mexico,diners-club-carte-blanche
Palestinian Territory,maestro
Nigeria,jcb
Iran,jcb
Czech Republic,jcb
Vietnam,mastercard
Argentina,jcb
Indonesia,jcb
Russia,diners-club-carte-blanche
Philippines,americanexpress
Sweden,jcb
Luxembourg,jcb
Indonesia,jcb
Greece,instapayment
China,americanexpress
Brazil,china-unionpay
Sierra Leone,jcb
El Salvador,jcb
Portugal,diners-club-carte-blanche
China,visa-electron
China,jcb
Slovenia,mastercard
Laos,solo
Russia,jcb
Oman,jcb
Sweden,diners-club-international
Malta,jcb
China,jcb
Finland,switch
France,jcb
Madagascar,bankcard
Portugal,maestro
Croatia,switch
Russia,mastercard
Australia,visa
Indonesia,americanexpress
China,americanexpress
Indonesia,maestro
United States,jcb
China,diners-club-enroute
China,americanexpress
Russia,jcb
French Polynesia,switch
Mongolia,switch
China,jcb
China,maestro
Russia,jcb
Russia,jcb
Czech Republic,laser
China,diners-club-carte-blanche
Mongolia,china-unionpay
Ecuador,instapayment
Philippines,jcb
Chile,jcb
China,jcb
Japan,jcb
Russia,jcb
Thailand,diners-club-carte-blanche
Russia,mastercard
China,americanexpress
Indonesia,jcb
Luxembourg,maestro
Australia,jcb
China,jcb
Peru,diners-club-enroute
Poland,jcb
Indonesia,switch
Ireland,jcb
Luxembourg,visa-electron
United States,diners-club-carte-blanche
Indonesia,mastercard
Sweden,jcb
Indonesia,jcb
Czech Republic,jcb
China,diners-club-enroute
Ukraine,americanexpress
Brazil,jcb
China,jcb
Russia,switch
Nigeria,jcb
North Korea,visa-electron
United Kingdom,mastercard
Brazil,maestro
Sweden,diners-club-carte-blanche
Poland,maestro
Indonesia,americanexpress
Indonesia,china-unionpay
